migration_policy,query_type,cross_value,zipf_theta_value,rw_ratio,cache_hit,avg_latency_us,lat_75_us,lat_95_us,lat_99_us,total_commit,sd_tp,sd_fp,sd_tn,sd_fn,sd_precision,sd_recall,sd_accuracy,sd_f1
AgingAutoScan,mixed,50,0.7,10,80.3902,153,231,360,488,37653.6,299040,16727,82833,100431,0.947027396783071,0.7485900102886067,0.7652290138288003,0.8361971819170682
AgingAutoScan,mixed,50,0.7,50,87.1595,84,134,193,304,66495.0,307144,17301,81654,103019,0.9466750913097751,0.7488340001414072,0.7636697190042387,0.8362119661098164
AgingAutoScan,mixed,50,0.7,90,96.5032,28,40,68,108,196939.0,310406,16855,78691,103602,0.9484967655785443,0.7497584587737435,0.7636030724908449,0.8374989376326272
AgingAutoScan,rmw,50,0.7,10,60.924,289,357,462,632,20786.6,0,2154,254892,0,0.0,,0.9916201769333115,
AgingAutoScan,rmw,50,0.7,50,72.5131,152,175,284,385,37075.4,0,2409,285408,0,0.0,,0.9916300982916229,
AgingAutoScan,rmw,50,0.7,90,90.7683,42,58,85,151,136929.0,0,2467,299073,0,0.0,,0.9918186641904888,
AgingAutoScan,scan,50,0.7,10,99.718,15,15,20,76,357806.0,414973,0,0,92450,1.0,0.817804868916072,0.817804868916072,0.8997718984037224
AgingAutoScan,scan,50,0.7,50,99.7356,14,15,19,59,366774.0,417611,0,0,92898,1.0,0.8180286733436629,0.8180286733436629,0.8999073395681593
AgingAutoScan,scan,50,0.7,90,99.7249,15,15,21,81,362430.0,414725,0,0,92129,1.0,0.8182336530835309,0.8182336530835309,0.90003135922151
